Index,pred,opt_pred
0,0.04251279553430173,84.39474187500001
1,0.038716614045795295,98.90375375
2,0.0390688397769513,98.9
3,0.04008998163304409,98.25750000000002
4,0.023214702943036965,100.0
5,0.02966536386517371,99.725
6,0.03140034378408174,99.725
7,0.041873394440014394,88.14412312500001
8,0.039451263843396304,98.8580075
9,0.04132514469486063,91.08949999999999
10,0.03825858772780471,99.4665
11,0.023431813783390598,100.0
12,0.04180861388137278,92.5832175
13,0.04027197595456228,97.802
14,0.02650472972397675,99.9175
15,0.03938630610779086,98.910869375
16,0.019569565542172214,100.0
17,0.0323276537604535,99.725
18,0.037597883440446386,99.65899999999999
19,0.03923588583546697,98.9
20,0.03678638551611534,99.17500000000001
21,0.023110144792074898,100.0
22,0.035699706036272864,99.725
23,0.02160356676125855,100.0
24,0.04167706118624172,92.989248125
25,0.02144612333093751,100.0
26,0.02947096727849418,99.725
27,0.03793562810440575,98.91650000000001
28,0.040663407136308796,96.89
29,0.03416753188477068,99.725
30,0.039743058758925795,98.3225
31,0.039438149707940656,98.71125375
32,0.03976327331008868,98.45000000000002
33,0.0549751783421131,49.856738750000005
34,0.01971344020623929,100.0
35,0.03860326553610181,98.901876875
36,0.041126234495990684,95.30975375
37,0.03707367649640118,99.10900000000001
38,0.02188912283154689,100.0
39,0.028026331526145518,99.8075
40,0.039316658311329834,98.910869375
41,0.018250449777935187,100.0
42,0.038140900214718235,98.97163062500002
43,0.04062525723525881,97.34697125
44,0.05514752403760046,48.180369375
45,0.029904119005558807,99.725
46,0.03899718249190329,98.901876875
47,0.02786992000268046,99.725
48,0.03754844226399592,99.17500000000001
49,0.0168485292872825,100.0
50,0.04006565409709909,98.19150000000002
51,0.04011789401330389,97.537594375
52,0.020584070878963318,100.0
53,0.038687822309000655,98.9
54,0.022702381129427122,100.0
55,0.03946552926956812,98.5234425
56,0.021116094270312545,100.0
57,0.018201717911856864,100.0
58,0.02619287892780983,99.8075
59,0.04012347091547422,97.61500000000001
60,0.03255458900404376,99.725
61,0.04411372064150622,81.934
62,0.03228484000397924,99.725
63,0.03992589471890409,98.39472500000001
64,0.031621738489660926,99.725
65,0.03419461131257239,99.725
66,0.039215069652080076,98.9
67,0.018084353616121023,100.0
68,0.04135388894724487,94.41001500000002
69,0.04301533280964835,84.212609375
70,0.04506538031859957,80.392376875
71,0.038830276368472284,98.703876875
72,0.023784811901332206,100.0
73,0.030866275402280707,99.725
74,0.0407820240809241,95.989045
75,0.046215087600322086,79.471855625
76,0.032746807685307994,99.725
77,0.041157683584214746,95.4355075
78,0.03211799948722695,99.725
79,0.030612656887167175,99.725
80,0.04260676718354153,84.29659437500001
81,0.04551708176751915,80.223334375
82,0.03975505851096423,98.9
83,0.018878580201410214,100.0
84,0.02057826071962493,100.0
85,0.024189122353914204,100.0
86,0.04124910893963512,94.45047125
87,0.02739233380054524,99.725
88,0.01783957911646305,100.0
89,0.04521311299776573,80.001876875
90,0.039865229836654775,98.45000000000002
91,0.02273746606452831,100.0
92,0.02358128673016482,100.0
93,0.03972552420658541,93.796
94,0.03643219695599967,99.71359437500001
95,0.03589888633813804,99.725
96,0.029240773892720742,99.725
97,0.02573122315248013,100.0
98,0.028210107052991453,99.725
99,0.025658453019114125,100.0
100,0.04088323143938532,97.27875375
101,0.038324649115984294,98.9
102,0.018757105718044086,100.0
103,0.038471980805941636,99.51036937500001
104,0.038983760902812754,99.17500000000001
105,0.04057007709211759,95.59100000000001
106,0.02311453086210704,100.0
107,0.02188104776559689,100.0
108,0.033760885636067904,99.725
109,0.03453784200973901,99.65899999999999
110,0.035890582999546075,99.65899999999999
111,0.020894004686499778,100.0
112,0.023668467756150998,100.0
113,0.03948691782450797,98.9
114,0.04527692291991123,80.390891875
115,0.02526788847411208,100.0
116,0.03965179671796652,98.905775
117,0.05324068824292281,55.219376875
118,0.030384766850215843,99.725
119,0.02016158035077998,100.0
120,0.0246276032044825,100.0
121,0.04189111725497923,86.3542925
122,0.030311863202454888,99.725
123,0.024851925472033066,100.0
124,0.03771029914083926,99.725
125,0.024708931873660005,100.0
126,0.024159187201152694,100.0
127,0.026763745169668264,99.934
128,0.023502466287908738,100.0
129,0.03448020299842603,99.725
130,0.021175440815063715,100.0
131,0.0451967400329735,80.363275
132,0.045434091901622314,78.74438437500001
133,0.01704436346474048,100.0
134,0.04586078303449876,79.81125374999999
135,0.022366928980087915,100.0
136,0.025695193009163023,100.0
137,0.04193878930057356,88.017196875
138,0.017448463780676143,100.0
139,0.03377618812140495,99.725
140,0.04401836088368657,82.398151875
141,0.030185257160413252,99.725
142,0.030366987504622817,99.725
143,0.02529050967758599,100.0
144,0.044918881542213095,81.29727500000001
145,0.041616826152472405,95.94425375
146,0.04164252301148451,94.72526125
147,0.032455476817264475,99.725
148,0.025289590604496436,100.0
149,0.038017084071665715,98.98250000000002
150,0.04196339613320448,85.98463062500001
151,0.06980542805930519,6.8639575
152,0.038930790832267026,98.9
153,0.025706488718043725,100.0
154,0.04389660108363426,82.68973125
155,0.03323551414206965,99.725
156,0.018217399587677572,100.0
157,0.033867527429242816,99.725
158,0.022738560399051852,100.0
159,0.050097165487198954,61.6545
160,0.028332689239612678,99.726876875
161,0.053077586461664134,51.713346875
162,0.03136705455183107,99.725
163,0.01878769659786497,100.0
164,0.02337248170956217,100.0
165,0.040947022863482875,96.4005
166,0.037768053570877154,99.725
167,0.03674301844771212,99.725
168,0.03971764990017912,98.9
169,0.027976998626221408,99.730630625
170,0.0381067674406755,98.82707
171,0.045737550877651474,80.00952875
172,0.03154732587140135,99.725
173,0.025905139558769615,100.0
174,0.02429287443833349,100.0
175,0.02814826854561038,99.725
176,0.0352070427048184,99.717348125
177,0.04639716372765665,79.8075
178,0.020808524174534798,100.0
179,0.03830179662126344,98.90899250000001
180,0.026974912383248346,99.801725
181,0.02480220950743979,100.0
182,0.03419709429073819,99.725
183,0.04615972651253475,80.33912312500001
184,0.0410839615492504,96.61500000000001
185,0.030708739085017527,99.725
186,0.015386535950403062,100.0
187,0.031157545115305368,99.725
188,0.02430699750199618,99.99624625
189,0.051024431580191945,59.269414375000004
190,0.01867081352702359,100.0
191,0.023436483357278055,100.0
192,0.032226952082719626,99.725
193,0.04341695850459642,83.41799999999999
194,0.02737189547028487,99.725
195,0.037294077003024256,99.725
196,0.04589485010827583,80.0
197,0.03793292392806105,98.9
198,0.04956639485154717,62.198825
199,0.08208872005188948,0.55
200,0.0438749016711405,82.66287750000001
201,0.018714634722517963,100.0
202,0.01984890344865767,100.0
203,0.022069842099463152,100.0
204,0.03545104529369637,99.725
205,0.032314325145760575,99.725
206,0.0405082462654292,97.5325
207,0.05030204502477406,61.09801
208,0.024050539779910958,100.0
209,0.023891270052808895,100.0
210,0.03230096446844201,99.725
211,0.04116882264914268,94.96600000000001
212,0.04517820541648924,80.41487875
213,0.030762483390097413,99.725
214,0.0661085200372357,11.122175
215,0.08782287992971351,0.55
216,0.05354309622174246,51.45654812500001
217,0.0396241864389565,98.702
218,0.06916283786500446,6.858326875
219,0.05043058275635667,61.223623125
220,0.03787870562331477,98.9
221,0.025458076768894694,100.0
222,0.06552494507282804,24.732861875000005
223,0.04466752940170286,80.427154375
224,0.03826203024641256,99.7085
225,0.026783751732130972,99.725
226,0.02480595715529186,99.9835
227,0.04567369398112494,80.209
228,0.017889291684358002,100.0
229,0.022887483840584345,100.0
230,0.02701755871860823,99.9175
231,0.02845488074111923,99.725
232,0.05682501215438545,48.202647500000005
233,0.03052792632809625,99.725
234,0.029558054010858665,99.725
235,0.01925627791948373,100.0
236,0.044100933619356714,81.2361325
237,0.029683992710482054,99.725
238,0.044894354854346216,81.412225
239,0.03335592934269486,99.725
240,0.04477402920111801,81.8105075
241,0.03038712523701581,99.725
242,0.03479999350990623,99.725
243,0.06953599563152651,6.38841375
244,0.02946948494083574,99.735725
245,0.03303582743883555,99.725
246,0.03998994329343481,98.460725
247,0.03472638933844094,99.725
248,0.04629752932950856,79.35868624999999
249,0.09073105405457606,0.55
250,0.035705920135655406,99.7160075
251,0.021396926884304297,100.0
252,0.020918947293827695,100.0
253,0.02718236015924976,99.725
254,0.03484065414317334,99.725
255,0.040140103485496854,97.42250000000001
256,0.03485529798689399,99.725
257,0.0438832371674292,82.96190562499999
258,0.04249407084923559,84.939919375
259,0.03480650242199609,99.725
260,0.025301843018233974,99.9175
261,0.05145826066022589,59.737601875
262,0.0693056485477144,7.0731775
263,0.04606667170810866,79.83097124999999
264,0.04079646624684944,96.454558125
265,0.05872313656907128,36.855369375
266,0.04581238257036972,79.77176374999999
267,0.03005216603249163,99.725
268,0.02341361801311797,100.0
269,0.02307630101297746,100.0
270,0.04341501468476946,81.680485
271,0.04742335571205394,74.808130625
272,0.04199542068899144,86.04500000000002
273,0.0569415387006558,47.600507500000006
274,0.06768576636400109,12.662879375000001
275,0.030289885407980874,99.725
276,0.0285688548585245,99.73197125000002
277,0.04990327057933673,60.967
278,0.04419578322011908,81.995593125
279,0.03181799021369905,99.725
280,0.04891093959476146,62.389716250000006
281,0.020302237883616143,100.0
282,0.030629987631872538,99.725
283,0.03995549912376126,98.22958062500001
284,0.04559080463122784,79.56202812500001
285,0.08610443633869715,0.55
286,0.04718830977844041,78.3005
287,0.06364122887613885,27.411905625000003
288,0.041500158696208836,92.280600625
289,0.028875639124708426,99.725
290,0.03606460406729877,99.65899999999999
291,0.046789120312309924,79.62774625
292,0.02668456547715711,99.725
293,0.03728227656605675,99.717348125
294,0.04797352716927935,70.027123125
295,0.02708511882466612,99.792876875
296,0.04798022578736806,64.13151500000001
297,0.03817592213466008,99.384
298,0.0255890691655949,100.0
299,0.0431836415498729,83.98125187500001
300,0.045117055969545135,80.60513062499999
301,0.03906323792331076,99.09625375
302,0.024076975282426676,100.0
303,0.02477768138994557,99.934
304,0.03247642948282033,99.725
305,0.043932994546119604,82.824275
306,0.07570071311306201,1.0353925
307,0.04557705847935527,80.4489925
308,0.07053348898471164,5.93895
309,0.04632963801806353,80.13200000000002
310,0.06554670227404824,17.8902825
311,0.03595528224248284,99.723123125
312,0.03345768625095596,99.725
313,0.04467407092248124,81.03413437500001
314,0.02933437696963758,99.725
315,0.02615742483920565,99.985376875
316,0.03695721435420855,98.894369375
317,0.04130494228648021,95.710651875
318,0.05701770868129225,48.02159437500001
319,0.11312925812799692,0.010869375
320,0.04979609064724198,63.853025625
321,0.09421445130226204,0.55
322,0.02613791411749179,99.725
323,0.024500799904831783,100.0
324,0.040660744171132954,97.18586937500001
325,0.03040070598785913,99.59013312500001
326,0.038714819259202934,99.71547125000001
327,0.026600248198727482,99.8075
328,0.04535510391168015,78.6855
329,0.034032119280152824,99.725
330,0.031974214193746485,99.725
331,0.03927895211614565,98.61613812499999
332,0.11421469529937969,0.0165
333,0.052769187785410857,51.648419375
334,0.030498639093955986,99.725
335,0.044169074954314845,82.9295
336,0.04921812279203623,61.703405625
337,0.04513771856988346,81.81820375000001
338,0.021829535070632775,100.0
339,0.083716263750337,0.55
340,0.051111382708580594,60.301846875
341,0.04499144031163775,81.30711312500003
342,0.03203124795736004,99.725
343,0.04504918707365187,79.1760075
344,0.02737681834851481,99.730775
345,0.041943252502427225,86.92715187499999
346,0.03295876507640968,99.725
347,0.03588988967538341,99.725
348,0.04614513974471391,75.00004625
349,0.09952758062900918,0.55
350,0.033690180152093886,99.725
351,0.032843159960145786,99.7085
352,0.055727876857094495,49.20885562500001
353,0.04307923622415186,84.17205375
354,0.022502428230494326,100.0
355,0.09002834741048053,0.55
356,0.03883542241184971,98.98250000000002
357,0.027866333319796696,99.725
358,0.04396749621354651,83.286
359,0.05865288906616939,33.017015625
360,0.04212810744640863,87.196651875
361,0.04716713750226382,79.305095625
362,0.04320333447585575,83.96150000000002
363,0.024276221340107713,99.791
364,0.03881606154938099,97.4315
365,0.028481257318039386,99.736405625
366,0.028102457598702373,99.725
367,0.08826556168908364,0.55
368,0.049654900818923396,62.804890625
369,0.056036153996292276,49.779198750000006
370,0.07840418613240824,1.066
371,0.04594487489158567,79.64102875
372,0.06654565357284291,11.909675
373,0.0894621011259041,0.55
374,0.06626667397241794,13.888279375
375,0.041850335614457355,92.57464437499999
376,0.062297883892007806,28.428265
377,0.046882272796886955,72.99154250000001
378,0.037619671618012954,99.725
379,0.05336885704453228,53.667878125
380,0.08386730677290458,0.55
381,0.04828598323292558,68.73475375000001
382,0.02953003126155064,99.725
383,0.047042404437454506,74.7475
384,0.035742224074966265,99.725
385,0.04381934845190358,82.255361875
386,0.021564914132706586,100.0
387,0.07960624466828,1.0
388,0.11422580332032724,0.0
389,0.041950586793942195,85.022529375
390,0.07143217715962898,5.8590075
391,0.10930425693077966,0.4675
392,0.08071579185915143,1.0
393,0.10485289844740636,0.07874625
394,0.023292201985274884,99.934
395,0.05058836381601026,58.3875
396,0.03110563231796069,99.725
397,0.06059989878414426,31.275680625
398,0.06708453928118267,11.63026125
399,0.05260196220304098,58.37768187500001
400,0.04608976860054154,79.4694425
401,0.028381245813183933,99.7339925
402,0.043805772924782015,83.52465187499999
403,0.06379981378646879,28.273631875
404,0.03795826629699685,99.16561562500002
405,0.036948611295648866,99.521775
406,0.04651445713493382,79.74885625
407,0.051872290544812495,61.40188437500001
408,0.051570266577075835,60.56426875
409,0.06339973723309607,28.915753750000007
410,0.03535112119685039,99.69897125
411,0.035557000551396246,99.725
412,0.023175964291011486,100.0
413,0.08775690502398276,0.55
414,0.06582523875333103,17.74946875
415,0.05303432838282578,51.802405625000006
416,0.07074518840506415,6.222798125000001
417,0.04113138784016959,95.4885
418,0.06113702313068589,30.518165625
419,0.06343764959629832,26.905775
420,0.053822026003774476,51.19894875
421,0.03317329356885605,99.725
422,0.038710989069783576,99.723123125
423,0.05585448812892652,46.848544375
424,0.04080938294943659,96.402088125
425,0.04398014160776134,82.496876875
426,0.034591571825403386,99.725
427,0.024834876132913537,99.9835
428,0.09701450021523504,0.55
429,0.030006914081017893,99.725
430,0.046808981491239764,80.05124624999999
431,0.07450577103794452,3.3200000000000003
432,0.04076617262949073,97.56274625
433,0.031871624599368736,99.725
434,0.03678597707636065,98.90163625000001
435,0.0292249871619477,99.725
436,0.12373755829246644,0.0
437,0.04741527861937277,76.42526125
438,0.03816134756272364,98.422318125
439,0.05092651781626359,59.798651875000004
440,0.07327759332877891,3.5915075
441,0.043669127434234185,83.0657525
442,0.0462257091992425,78.1685
443,0.04927661884456813,62.264825
444,0.03364001454853841,99.715615625
445,0.05289322038602923,54.382441875000005
446,0.02664815804219185,99.791
447,0.0928641784663186,0.55
448,0.05298518489883803,52.430093125
449,0.026510684957682995,99.73962312500001
450,0.05255768909011983,58.944230000000005
451,0.06866536596282108,7.332798125
452,0.04787066785112326,68.641398125
453,0.03969076674014484,94.82725
454,0.04774557466060729,74.87192375000001
455,0.0703446975369958,6.0440000000000005
456,0.034762353309384895,99.725
457,0.0432317721402676,83.92947625000001
458,0.045216528779090485,78.6855
459,0.06590121864585409,15.238876874999999
460,0.09974677722046874,0.5391306250000001
461,0.05996345915744297,33.237293750000006
462,0.06507633790591731,24.299675
463,0.11885376139008692,0.0
464,0.29179242190332233,0.0
465,0.07508785202695806,3.0625000000000004
466,0.039368217807459596,97.8682825
467,0.04117728931281333,95.719080625
468,0.07189981348177533,5.72124625
469,0.062424834004551184,29.122426875000002
470,0.0640097510374393,26.037875
471,0.03218544182839843,99.725
472,0.05087130468345332,56.42068250000001
473,0.07450070739607116,3.4074500000000003
474,0.04822668770946811,65.90385562499999
475,0.08304976025062875,0.5816387500000001
476,0.05519527914295061,49.495928125000006
477,0.09703488582665984,0.55
478,0.024894546432360335,99.9175
479,0.05981507508022241,32.6013425
480,0.10987965330411303,0.0825
481,0.048474312185313236,68.75313062500001
482,0.03743671972449131,99.725
483,0.06694731544130733,18.56176
484,0.03954972124374931,98.894225
485,0.044537493971750365,76.139426875
486,0.03997107043189379,97.32250000000002
487,0.09997068111805942,0.55
488,0.054125811130955964,49.369651875
489,0.11068124771133134,0.0
490,0.04694076527806682,73.14297125
491,0.053801486241372695,51.31777625
492,0.28109800656123685,0.0
493,0.054871074844829094,49.41502
494,0.028815689995983343,99.725
495,0.11713701710900877,0.008848125
496,0.10327999033797845,0.55
497,0.05456173296820345,49.197130625
498,0.038985246072371166,98.98250000000002
499,0.12829630968380276,0.0
500,0.12175341274990914,0.0
501,0.07725610329436217,1.066
502,0.05803817476109801,32.972630625
503,0.05379615972124821,50.264615625000005
504,0.050379664496563864,61.1220175
505,0.042233522472393925,85.7404925
506,0.043100457616020334,84.51150000000001
507,0.050738155865580406,60.299478750000006
508,0.0993635491193046,0.55
509,0.05341063890637135,51.139816875
510,0.06331249872341371,28.326889375
511,0.05159402274490484,59.67754500000001
512,0.056872577492714176,44.80477500000001
513,0.030649460010995406,99.725
514,0.11210579065881483,0.0
515,0.057982270797571504,43.889561250000014
516,0.05272787129106481,57.00202875000001
517,0.032234813119757594,99.725
518,0.0679356009790883,7.489565625000001
519,0.045036840385455294,81.20376125000001
520,0.07120244308726459,5.9250075
521,0.06638104138722346,15.570385625
522,0.026487593732373905,99.725
523,0.06610311290461716,13.081130625
524,0.03775367685522769,99.71225375
525,0.047142971667034045,79.25093437499999
526,0.05123241365103478,60.506144375000005
527,0.06814630875646972,16.7571
528,0.1959249398334822,0.0
529,0.058875099532222946,36.957624375
530,0.055766537940648425,49.225775
531,0.04143633865077756,94.317855625
532,0.039337094518744675,98.89812312500001
533,0.12394174400610553,0.0
534,0.051818864263835036,60.2595
535,0.13022668558955955,0.0
536,0.0653147534420992,21.495500000000007
537,0.032607764175049486,99.725
538,0.04790581455281422,64.40947125
539,0.04626743160347866,79.583093125
540,0.03033177643448567,99.730775
541,0.12571891710681965,0.0
542,0.04166749922535627,90.57249999999999
543,0.06857429249495287,7.142175
544,0.053355467004262816,49.013833125000005
545,0.05435666281815524,47.87673875
546,0.06423680741537477,25.102630625000003
547,0.04129755052597198,96.366348125
548,0.07712969396481191,1.0075075000000002
549,0.03952408861024343,94.9015
550,0.07202592506427423,5.482175000000001
551,0.11201389452416438,0.0
552,0.06635751673225891,14.04998625
553,0.04289626723226783,85.77634875000001
554,0.1166587142587779,0.0
555,0.14725774686739085,0.0
556,0.07000577785575111,6.590298125
557,0.04609660139781619,76.4187025
558,0.03212472997712902,99.725
559,0.10279504546221054,0.5449056250000001
560,0.08977863058758116,0.55
561,0.04685736659362557,79.19809312500001
562,0.03966233295874391,99.09452125
563,0.11328118455469675,0.4675
564,0.05101353801925891,59.57204500000001
565,0.0854141856551767,0.55
566,0.03317079508807039,98.87360000000001
567,0.08007593559209396,1.0456225000000001
568,0.09790824653627947,0.55
569,0.09789534802835721,0.55
570,0.04576056214100696,73.88676375
571,0.054230982935658985,50.372123125
572,0.06459532973092769,25.441733125000003
573,0.04367598866642178,82.94687687500002
574,0.2744601481957796,0.0
575,0.046620977280208455,79.42250000000001
576,0.027867603906824807,99.725
577,0.07299126130127814,3.80813875
578,0.039185274408313465,99.480298125
579,0.12379482704157946,0.0
580,0.03982782197742591,98.526725
581,0.049473352053202205,61.89873125
582,0.04006891683635927,93.01736812500002
583,0.5234315154130391,0.0
584,0.033864106499845344,99.725
585,0.05535123406215061,49.05671875
586,0.12011023289598957,0.0
587,0.025015981992600134,99.9835
588,0.05310768901765871,55.36749875000001
589,0.03396047609165103,99.693629375
590,0.04130579589315851,90.155926875
591,0.08485188459368462,0.55
592,0.0779437122559678,1.0
593,0.035542700374698755,99.725
594,0.18969367238542506,0.0
595,0.032893967492336515,99.725
596,0.046867667343929414,70.7230675
597,0.06444831560618182,25.086611875000003
598,0.07761562503900037,1.0
599,0.09711602960606482,0.55
600,0.2373266177266992,0.0
601,0.11537641144831401,0.0
602,0.06416670789558473,25.360621875000003
603,0.035408866745454036,99.725
604,0.051633494649405934,56.465180625
605,0.30379131284036665,0.0
606,0.040362435455216686,96.97024875
607,0.05658687595808495,48.735725
608,0.08930393988263771,0.55
609,0.029563345959654257,99.725
610,0.11267513785013016,0.0
611,0.1288853956978697,0.0165
612,0.06143261247948685,30.965659375
613,0.05077175369017825,57.2094925
614,0.11291945673303931,0.012746250000000002
615,0.1082003186967863,0.2585
616,0.2026990672180885,0.0
617,0.057626603098532674,38.947171875
618,0.0360794985604232,99.43381625
619,0.19470384773637622,0.0
620,0.10665775094656975,0.55
621,0.05383695708477832,51.1175075
622,0.07547694317253795,1.264
623,0.07400106987847153,2.8477837500000005
624,0.06969302884025828,6.945130624999999
625,0.028106359156073846,99.725
626,0.07430536315643071,2.5583118750000002
627,0.05423018052690082,50.747346875000005
628,0.060388853414204115,37.628404375
629,0.052904872268623976,51.26845875000001
630,0.11201594087181983,0.55
631,0.06270282873645766,29.932123125
632,0.054230353721948774,49.462601875000004
633,0.037162294610378704,99.52874625000001
634,0.07392999271133223,2.6122050000000003
635,0.09726707371576143,0.55
636,0.11348297039476593,0.4675
637,0.052130909362826966,59.294848125
638,0.036381106945507974,99.25851750000001
639,0.12680836665370687,0.0
640,0.11423546777090841,0.0165
641,0.08884922804619749,0.55
642,0.050711413385207765,60.906225000000006
643,0.11319233530644644,0.341
644,0.057735727835002505,43.75734812500001
645,0.08608353925402842,0.55
646,0.11779715035572852,0.0
647,0.05337688943179647,52.9800825
648,0.033419307133846415,99.71037687500001
649,0.03957846872814996,97.78187062500001
650,0.06396121107628451,26.3834125
651,0.2612267968270976,0.0
652,0.03167679710117889,99.64897625
653,0.18876215388782036,0.0
654,0.0551823702597353,49.916245
655,0.06125828082528136,30.98725375
656,0.04041764537360738,97.30618875
657,0.07921555935981356,1.0
658,0.047882624772388964,67.1088025
659,0.10767786730097173,0.55
660,0.3499606273249889,0.0
661,0.21788669301778524,0.0
662,0.06297398537703164,29.098986250000003
663,0.24371954650741529,0.0
664,0.046253945772294976,80.10955999999999
665,0.09703435763747995,0.55
666,0.03445085657915295,99.725
667,0.2599828564506505,0.0
668,0.06272971179035546,29.287890625000003
669,0.0985846721121271,0.5442250000000001
670,0.06735514016727095,7.846611875000001
671,0.11803553642611482,0.0
672,0.05499492942928698,50.229253750000005
673,0.06708675742854224,7.626845625
674,0.0409364824494089,94.640781875
675,0.2092684665929524,0.0
676,0.11743552754685786,0.0
677,0.038536365575661605,99.34077
678,0.07644293701370547,1.0
679,0.03346540246828768,99.265866875
680,0.05683377571200849,47.176223750000005
681,0.03223316483551316,98.97280625
682,0.07315816744854978,3.67145
683,0.3074368288331348,0.0
684,0.15200841975153556,0.0
685,0.03734820104494891,99.725
686,0.07320911062731145,3.74598875
687,0.16687044932669817,0.0
688,0.04780842660947193,71.93776125
689,0.09818310010910454,0.5449056250000001
690,0.062426363638233,32.027925625
691,0.051205938738335045,59.651348125000005
692,0.05038160426597821,60.34583000000001
693,0.09928602813829396,0.55
694,0.02613404249224517,99.725
695,0.07596012773118693,1.0584925
696,0.0970206903593193,0.55
697,0.04948121600405575,62.479723750000005
698,0.07143613022557642,5.93895
699,0.2224202029101974,0.0
700,0.0532129224304979,55.92711687500001
701,0.12868245542896956,0.0
702,0.1743195429410792,0.0
703,0.2108312498550404,0.0
704,0.07551675495584038,1.0
705,0.4528516054585812,0.0
706,0.0633243682490099,28.353413125000003
707,0.07330374328487477,1.7939425
708,0.1018578619565968,0.55
709,0.3098462056253044,0.0
710,0.08044725938721974,1.1732500000000001
711,0.16564015368519658,0.0
712,0.12888114501289705,0.0
713,0.06903679609788775,7.366581875
714,0.2761416757668166,0.0
715,0.15166476084566208,0.0
716,0.06782229655600408,7.349081875
717,0.067721970931095,13.854798125
718,0.0571083642491546,48.038775
719,0.09291616907145611,0.55
720,0.07216859460919488,6.02520375
721,0.28147890364700007,0.0
722,0.07183348471488388,5.949675000000001
723,0.05018123755946227,61.225417500000006
724,0.06683152568667233,19.1951675
725,0.20991183959013593,0.0
726,0.04423070469058242,82.93944125000002
727,0.039462725864789924,97.7090575
728,0.04804356108298036,70.237828125
729,0.06539367231037573,24.07124625
730,0.5128757367057213,0.0
731,0.041172036831546216,94.95473875
732,0.2776713870877296,0.0
733,0.048541780904193504,69.70147125
734,0.3453034297159066,0.0
735,0.05815548024598243,37.295630625
736,0.06721256285513798,7.7809212500000005
737,0.12246303160615452,0.0
738,0.17135370413133474,0.0
739,0.3534246005393209,0.0
740,0.1903288967977105,0.0
741,0.05472172827293396,49.645992500000006
742,0.058715014036869344,32.499500000000005
743,0.1066876450585859,0.5335
744,0.09718089321996158,0.55
745,0.27436070459044853,0.0
746,0.031194178773364376,99.36385625
747,0.17777440289321433,0.0
748,0.05956717208723407,32.981440625000005
749,0.04126106782522921,91.46602000000001
750,0.17820298702691958,0.0
751,0.23492185475176866,0.0
752,0.17805388708212325,0.0
753,0.05306025967851298,52.37950000000001
754,0.056614258159701975,48.078155
755,0.07460509576684954,3.934992500000001
756,0.17289665821144645,0.0
757,0.11063660475616903,0.0
758,0.05131750343152216,54.391498750000004
759,0.21127904863159974,0.0
760,0.2783968105939432,0.0
761,0.09903150904351801,0.55
762,0.12396747308016977,0.0
763,0.046667975096912506,79.490858125
764,0.13016004755369093,0.0
765,0.2136781708479905,0.0
766,0.053609599705986916,51.077
767,0.12056442022875796,0.0
768,0.19214283912814206,0.0
769,0.24568343378856966,0.0
770,0.17837418355674736,0.0
771,0.1861517071403688,0.0
772,0.47043346663130226,0.0
773,0.11737167695309027,0.0
774,0.15112885622635908,0.0
775,0.044673490949039656,82.943913125
776,0.07985024158882367,1.0231000000000001
777,0.16524755340829322,0.0
778,0.06407440284341898,25.83830375
779,0.3176874527530905,0.0
780,0.04504602540448788,80.2712225
781,0.3318455620290312,0.0
782,0.1696848481402199,0.0
783,0.3514095743164106,0.0
784,0.044338325534755585,81.27341562500001
785,0.03953135781353572,90.25854437500001
786,0.20189785291344509,0.0
787,0.18120852580293573,0.0
788,0.19018346604414826,0.0
789,0.2547115572237018,0.0
790,0.044057753146277204,81.665565625
791,0.17595482218697459,0.0
792,0.17583434858637462,0.0
793,0.11052689065717522,0.0
794,0.2579537705839764,0.0
795,0.07502568538127131,2.1
796,0.3536903584152688,0.0
797,0.24652208342667292,0.0
798,0.2026552459513716,0.0
799,0.19255844349310614,0.0
800,0.4477849918746703,0.0
801,0.3858413910231897,0.0
802,0.1212760377414803,0.0
803,0.06240652937860051,29.68073875
804,0.1620908939279403,0.0
805,0.34936134334582547,0.0
806,0.24167468235502007,0.0
807,0.17781240117279248,0.0
808,0.3987767581057034,0.0
809,0.46399395924185033,0.0
810,0.07029087733461013,8.660291875
811,0.12802961185895917,0.0
812,0.18954013641279768,0.0
813,0.12136748042875821,0.0
814,0.1841948481791254,0.0
815,0.3349905975622783,0.0
816,0.04704658674480285,73.521825
817,0.1007257673459062,0.548123125
818,0.06075255598260273,28.849369375000002
819,0.17603696214074482,0.0
820,0.18348555794576496,0.0
821,0.28818143291878484,0.0
822,0.4136643043333466,0.0
823,0.1946285758522601,0.0
824,0.1680852559803225,0.0
825,0.19348118845409792,0.0
826,0.3794527383711649,0.0
827,0.2222531785250206,0.0
828,0.20794916677556916,0.0
829,0.1899111340589205,0.0
830,0.27588544084043254,0.0
831,0.1719612871079678,0.0
832,0.17606692651479924,0.0
833,0.04906873039070356,62.32087687500001
834,0.1774798113509135,0.0
835,0.20146008447461938,0.0
836,0.36005799377395015,0.0
837,0.27382838151429834,0.0
838,0.05212895723201437,52.686859375000004
839,0.20966051291610568,0.0
840,0.182043577447471,0.0
841,0.3131989956899589,0.0
842,0.2750080575547203,0.0
843,0.23527942839787885,0.0
844,0.03369307962548127,99.71615187500001
845,0.21301340461871365,0.0
846,0.2634366926132335,0.0
847,0.2196283409929734,0.0
848,0.08535360583406391,0.55
849,0.23371969811164028,0.0
850,0.1927806150627531,0.0
851,0.3399119719141262,0.0
852,0.3629042494468631,0.0
853,0.2958260963374443,0.0
854,0.29892639118026576,0.0
855,0.28600919407279396,0.0
856,0.07931892468949658,1.0
857,0.18472462950296079,0.0
858,0.3538276058498476,0.0
859,0.1918247663220842,0.0
860,0.20413673955291817,0.0
861,0.19830226442708668,0.0
862,0.17432967035309466,0.0
863,0.2771590254293019,0.0
864,0.17615373832641795,0.0
865,0.2912198956329503,0.0
866,0.05654090376669539,48.75496125
867,0.19756828760625053,0.0
868,0.24840064316050864,0.0
869,0.20062976936130622,0.0
870,0.3002684560871124,0.0
871,0.18141278393824345,0.0
872,0.14636915820265722,0.0
873,0.41562479548799847,0.0
874,0.29240880204127195,0.0
875,0.1529265206132359,0.0
876,0.1730472887784396,0.0
877,0.373046293566978,0.0
878,0.35805800269835203,0.0
879,0.1912073936340806,0.0
880,0.17630053602805654,0.0
881,0.23887240051888517,0.0
882,0.17559114927044744,0.0
883,0.37602809392458886,0.0
884,0.1912073936340806,0.0
885,0.019860314136179058,100.0
886,0.02756212494101893,99.725
887,0.0647057061175401,52.07040562500001
888,0.04645757890209554,74.896116875
889,0.02044895418789923,100.0
